<?xml version="1.0" encoding="UTF-8"?>
<mods:mods xmlns:xlink="http://www.w3.org/1999/xlink" xmlns:xsi="http://www.w3.org/2001/XMLSchema-instance"
  xmlns:mods="http://www.loc.gov/mods/v3" xmlns:flvc="info:flvc/manifest/v1" xmlns:dcterms="http://purl.org/dc/terms/"
  xmlns:etd="http://www.ndltd.org/standards/metadata/etdms/1.0" xsi:schemaLocation="http://www.loc.gov/mods/v3
  http://www.loc.gov/standards/mods/v3/mods-3-4.xsd" version="3.4">
  <mods:titleInfo lang="eng">
    <mods:title>Conversations with Ray Bradbury</mods:title>
  </mods:titleInfo>
  <mods:name
    type="personal"
    authority="local">
    <mods:namePart type="given">Steven Louis</mods:namePart>
    <mods:namePart type="family">Aggelis</mods:namePart>
    <mods:namePart type="termsOfAddress" />
    <mods:role>
      <mods:roleTerm
        authority="rda"
        type="text">author</mods:roleTerm>
      <mods:roleTerm
        authority="marcrelator"
        type="code">aut</mods:roleTerm>
    </mods:role>
  </mods:name>
  <mods:name
    type="personal"
    authority="local">
    <mods:namePart type="given">R. Bruce</mods:namePart>
    <mods:namePart type="family">Bickley</mods:namePart>
    <mods:namePart type="termsOfAddress">Jr.</mods:namePart>
    <mods:role>
      <mods:roleTerm
        authority="local"
        type="text">professor directing dissertation</mods:roleTerm>
    </mods:role>
  </mods:name>
  <mods:name
    type="personal"
    authority="local">
    <mods:namePart type="given">Leo</mods:namePart>
    <mods:namePart type="family">Sandon</mods:namePart>
    <mods:namePart type="termsOfAddress" />
    <mods:role>
      <mods:roleTerm
        authority="local"
        type="text">outside committee member</mods:roleTerm>
    </mods:role>
  </mods:name>
  <mods:name
    type="personal"
    authority="local">
    <mods:namePart type="given">William T.</mods:namePart>
    <mods:namePart type="family">Lhamon</mods:namePart>
    <mods:namePart type="termsOfAddress">Jr.</mods:namePart>
    <mods:role>
      <mods:roleTerm
        authority="local"
        type="text">committee member</mods:roleTerm>
    </mods:role>
  </mods:name>
  <mods:name
    type="personal"
    authority="local">
    <mods:namePart type="given">Joseph</mods:namePart>
    <mods:namePart type="family">McElrath</mods:namePart>
    <mods:namePart type="termsOfAddress">Jr.</mods:namePart>
    <mods:role>
      <mods:roleTerm
        authority="local"
        type="text">committee member</mods:roleTerm>
    </mods:role>
  </mods:name>
  <mods:name
    type="corporate"
    authority="naf">
    <mods:namePart>Department of English</mods:namePart>
    <mods:role>
      <mods:roleTerm
        authority="local"
        type="text">degree granting department</mods:roleTerm>
    </mods:role>
  </mods:name>
  <mods:name
    type="corporate"
    authority="naf">
    <mods:namePart>Florida State University</mods:namePart>
    <mods:role>
      <mods:roleTerm
        authority="rda"
        type="text">degree granting institution</mods:roleTerm>
    </mods:role>
  </mods:name>
  <mods:typeOfResource>text</mods:typeOfResource>
  <mods:genre authority="rdacontent">text</mods:genre>
  <mods:originInfo>
    <mods:place>
      <mods:placeTerm type="text">Tallahassee, Florida</mods:placeTerm>
    </mods:place>
    <mods:dateIssued
      encoding="w3cdtf"
      keyDate="yes">2003</mods:dateIssued>
    <mods:dateOther
      encoding="w3cdtf"
      type="defense">2003-09-22</mods:dateOther>
    <mods:publisher>Florida State University</mods:publisher>
    <mods:issuance>monographic</mods:issuance>
  </mods:originInfo>
  <mods:language>
    <mods:languageTerm type="text">English</mods:languageTerm>
    <mods:languageTerm
      type="code"
      authority="iso639-2b">eng</mods:languageTerm>
  </mods:language>
  <mods:physicalDescription>
    <mods:form
      authority="rdamedia"
      type="RDA media terms">computer</mods:form>
    <mods:form
      authority="rdacarrier"
      type="RDA carrier terms">online resource</mods:form>
    <mods:extent>1 online resource</mods:extent>
    <mods:digitalOrigin>born digital</mods:digitalOrigin>
    <mods:internetMediaType>application/pdf</mods:internetMediaType>
  </mods:physicalDescription>
  <mods:abstract>
    Conversations with Ray Bradbury, edited by Steven Aggelis and published by the University
    Press of Mississippi in Spring 2004, is a collection of Ray Bradbury interviews
    from 1948 to 2002, with the last of these interviews being conducted by the editor.
    Besides the interviews, the university Press of Mississippi collection contains
    an introduction, chronology, and index. This dissertation includes and supplements
    the published work. Although the interviews in the published collection appear
    in the hard-copy of the dissertation, along with other interviews not in the University
    Press of Mississippi collection, they are excluded from the electronic copy, due
    to copyright restrictions. However, the electronic version does contain the following
    additional dissertation material: the unabridged introduction; chronology; two
    Bradbury interviews by Steven Aggelis, including the published interview and one
    not previously released; an annotated bibliography of published interviews with
    Ray Bradbury that consists of interviews selected for the collection as well as
    entries and excerpts from others not chosen; and an exhaustive bibliography of
    Bradbury primary and secondary sources, i.e., works by and about the author and
    his writings. The interviews reveal Bradbury's recurring interest
    in science, an appeal to and reliance on emotion versus reason, censorship and
    tyranny, urban planning, comics and cartoons, death, education, Hollywood, love
    or passion as a creative force, magic, outer space, morality, myth, philosophy,
    politics, psychology, racial relations, technology, sex, the economy, the future,
    the horror genre, films, the media, the use of metaphor, war, writing and writers,
    religion, and more.
  </mods:abstract>
  <mods:note displayLabel="System requirements">Adobe Reader or other PDF viewer.</mods:note>
  <mods:note displayLabel="Degree submitted">
    A Dissertation submitted to the Department of English in partial fulfillment of the
    requirements for the degree of Doctor of Philosophy.
  </mods:note>
  <mods:note displayLabel="Degree awarded">Fall Semester, 2003.</mods:note>
  <mods:note displayLabel="Keywords">Ray Bradbury, Conversations, Interviews</mods:note>
  <mods:note displayLabel="Bibliography note">Includes bibliographical references.</mods:note>
  <mods:location displayLabel="purl">
    <mods:url>PURL</mods:url>
  </mods:location>
  <mods:extension>
    <etd:degree>
      <etd:name>Doctor of Philosophy</etd:name>
      <etd:level>Doctoral</etd:level>
      <etd:discipline>English</etd:discipline>
    </etd:degree>
  </mods:extension>
  <mods:extension>
    <flvc:flvc>
      <flvc:owningInstitution>FSU</flvc:owningInstitution>
    </flvc:flvc>
  </mods:extension>
  <mods:recordInfo>
    <mods:recordCreationDate encoding="w3cdtf">2015-01-20T11:31:14.325-05:00</mods:recordCreationDate>
    <mods:descriptionStandard>rda</mods:descriptionStandard>
  </mods:recordInfo>
</mods:mods>
