<?xml version="1.0" encoding="UTF-8"?>
<mods:mods version="3.4"
  xmlns="http://www.loc.gov/mods/v3"
  xmlns:dcterms="http://purl.org/dc/terms/"
  xmlns:etd="http://www.ndltd.org/standards/metadata/etdms/1.0/"
  xmlns:mods="http://www.loc.gov/mods/v3"
  xmlns:xlink="http://www.w3.org/1999/xlink"
  xmlns:xsi="http://www.w3.org/2001/XMLSchema-instance"
  xsi:schemaLocation="http://www.loc.gov/mods/v3 http://www.loc.gov/standards/mods/v3/mods-3-4.xsd">
  <titleInfo lang="eng">
    <mods:title>Conversations with Ray Bradbury</mods:title>
  </titleInfo>
  <name type="personal" authority="naf" valueURI="http://lccn.loc.gov/n2003054328">
    <namePart type="given">Steven Louis</namePart>
    <namePart type="family">Aggelis</namePart>
    <namePart type="termsOfAddress"/>
    <role>
      <roleTerm authority="rda" type="text">author</roleTerm>
      <roleTerm authority="marcrelator" type="code">aut</roleTerm>
    </role>
  </name>
  <name type="personal" authority="local">
    <namePart type="given">R. Bruce</namePart>
    <namePart type="family">Bickley</namePart>
    <namePart type="termsOfAddress">Jr.</namePart>
    <role>
      <roleTerm authority="local" type="text">professor directing dissertation</roleTerm>
    </role>
  </name>
  <name type="personal" authority="local">
    <namePart type="given">Leo</namePart>
    <namePart type="family">Sandon</namePart>
    <namePart type="termsOfAddress"/>
    <role>
      <roleTerm authority="local" type="text">outside committee member</roleTerm>
    </role>
  </name>
  <name type="personal" authority="local">
    <namePart type="given">William T.</namePart>
    <namePart type="family">Lhamon</namePart>
    <namePart type="termsOfAddress">Jr.</namePart>
    <role>
      <roleTerm authority="local" type="text">committee member</roleTerm>
    </role>
  </name>
  <name type="personal" authority="local">
    <namePart type="given">Joseph</namePart>
    <namePart type="family">McElrath</namePart>
    <namePart type="termsOfAddress">Jr.</namePart>
    <role>
      <roleTerm authority="local" type="text">committee member</roleTerm>
    </role>
  </name>
  <name type="corporate" authority="naf">
    <namePart>Department of English</namePart>
    <role>
      <roleTerm authority="local" type="text">degree granting
                                    department</roleTerm>
    </role>
  </name>
  <name type="corporate" authority="naf">
    <namePart>Florida State University</namePart>
    <role>
      <roleTerm authority="rda" type="text">degree granting
                                institution</roleTerm>
    </role>
  </name>
  <typeOfResource>text</typeOfResource>
  <genre authority="rdacontent">text</genre>
  <originInfo>
    <place>
      <placeTerm type="text">Tallahassee, Florida</placeTerm>
    </place>
    <dateIssued encoding="w3cdtf" keyDate="yes">2003</dateIssued>
    <dateOther encoding="w3cdtf" type="defense">2003-09-22</dateOther>
    <publisher>Florida State University</publisher>
    <issuance>monographic</issuance>
  </originInfo>
  <language>
    <languageTerm type="text">English</languageTerm>
    <languageTerm type="code" authority="iso639-2b">eng</languageTerm>
  </language>
  <physicalDescription>
    <form authority="rdamedia" type="RDA media terms">computer</form>
    <form authority="rdacarrier" type="RDA carrier terms">online
                            resource</form>
    <extent>1 online resource</extent>
    <digitalOrigin>born digital</digitalOrigin>
    <internetMediaType>application/pdf</internetMediaType>
  </physicalDescription>
  <abstract>
    Conversations with Ray Bradbury, edited by Steven Aggelis and published by the University
    Press of Mississippi in Spring 2004, is a collection of Ray Bradbury interviews
    from 1948 to 2002, with the last of these interviews being conducted by the editor.
    Besides the interviews, the university Press of Mississippi collection contains
    an introduction, chronology, and index. This dissertation includes and supplements
    the published work. Although the interviews in the published collection appear
    in the hard-copy of the dissertation, along with other interviews not in the University
    Press of Mississippi collection, they are excluded from the electronic copy, due
    to copyright restrictions. However, the electronic version does contain the following
    additional dissertation material: the unabridged introduction; chronology; two
    Bradbury interviews by Steven Aggelis, including the published interview and one
    not previously released; an annotated bibliography of published interviews with
    Ray Bradbury that consists of interviews selected for the collection as well as
    entries and excerpts from others not chosen; and an exhaustive bibliography of
    Bradbury primary and secondary sources, i.e., works by and about the author and
    his writings. The interviews reveal Bradburyâ&#x80;&#x99;s recurring interest
    in science, an appeal to and reliance on emotion versus reason, censorship and
    tyranny, urban planning, comics and cartoons, death, education, Hollywood, love
    or passion as a creative force, magic, outer space, morality, myth, philosophy,
    politics, psychology, racial relations, technology, sex, the economy, the future,
    the horror genre, films, the media, the use of metaphor, war, writing and writers,
    religion, and more.
  </abstract>
  <note displayLabel="System requirements">Adobe Reader or other PDF
                        viewer.</note>
  <note displayLabel="Degree submitted">
    A Dissertation submitted to the Department of English in partial fulfillment of the
    requirements for the degree of Doctor of Philosophy.
  </note>
  <note displayLabel="Degree awarded">Fall Semester, 2003.</note>
  <note displayLabel="Keywords">Ray Bradbury, Conversations, Interviews</note>
  <note displayLabel="Bibliography note">Includes bibliographical
                        references.</note>
  <note displayLabel="Advisory committee">
    R. Bruce Bickley, Jr., Professor Directing Dissertation; Leo Sandon, Outside Committee
    Member; William T. Lhamon, Jr., Committee Member; Joseph McElrath, Jr., Committee
    Member.
  </note>
  <subject>
    <topic authority="lcsh" valueURI="http://lccn.loc.gov/sh85043777">English literature</topic>
  </subject>
  <extension>
    <etd:degree>
      <etd:name>Doctor of Philosophy</etd:name>
      <etd:level>Doctoral</etd:level>
      <etd:discipline>English</etd:discipline>
    </etd:degree>
  </extension>
  <recordIfo>
    <recordCreationDate encoding="w3cdtf">2015-01-21T12:54:27.847-05:00</recordCreationDate>
    <descriptionStandard>rda</descriptionStandard>
  </recordIfo>
</mods:mods>
