<?xml version="1.0" encoding="UTF-8"?>
<mods:mods xmlns="http://www.loc.gov/mods/v3"
           xmlns:xsi="http://www.w3.org/2001/XMLSchema-instance"
           xmlns:xlink="http://www.w3.org/1999/xlink"
           xmlns:mods="http://www.loc.gov/mods/v3"
           xmlns:dcterms="http://purl.org/dc/terms/"
           xmlns:etd="http://www.ndltd.org/standards/metadata/etdms/1.0/"
           version="3.4"
           xsi:schemaLocation="http://www.loc.gov/mods/v3 http://www.loc.gov/standards/mods/v3/mods-3-4.xsd">
   <titleInfo lang="eng">
      <mods:title>Parallel Similarity Join</mods:title>
   </titleInfo>
   <name type="personal" authority="local">
      <namePart type="given">Chi</namePart>
      <namePart type="family">Zhang</namePart>
      <namePart type="termsOfAddress"/>
      <role>
         <roleTerm authority="rda" type="text">author</roleTerm>
         <roleTerm authority="marcrelator" type="code">aut</roleTerm>
      </role>
   </name>
   <name type="personal" authority="local">
      <namePart type="given">Xin</namePart>
      <namePart type="family">Yuan</namePart>
      <namePart type="termsOfAddress"/>
      <role>
         <roleTerm authority="local" type="text">professor co-directing dissertation</roleTerm>
      </role>
   </name>
   <name type="personal" authority="local">
      <namePart type="given">Feifei</namePart>
      <namePart type="family">Li</namePart>
      <namePart type="termsOfAddress"/>
      <role>
         <roleTerm authority="local" type="text">professor co-directing dissertation</roleTerm>
      </role>
   </name>
   <name type="personal" authority="local">
      <namePart type="given">Washington</namePart>
      <namePart type="family">Mio</namePart>
      <namePart type="termsOfAddress"/>
      <role>
         <roleTerm authority="local" type="text">university representative</roleTerm>
      </role>
   </name>
   <name type="personal" authority="local">
      <namePart type="given">Piyush</namePart>
      <namePart type="family">Kumar</namePart>
      <namePart type="termsOfAddress"/>
      <role>
         <roleTerm authority="local" type="text">committee member</roleTerm>
      </role>
   </name>
   <name type="personal" authority="local">
      <namePart type="given">Zhenhai</namePart>
      <namePart type="family">Duan</namePart>
      <namePart type="termsOfAddress"/>
      <role>
         <roleTerm authority="local" type="text">committee member</roleTerm>
      </role>
   </name>
   <name type="corporate" authority="naf">
      <namePart>Department of Computer Science</namePart>
      <role>
         <roleTerm authority="local" type="text">degree granting
                                    department</roleTerm>
      </role>
   </name>
   <name type="corporate" authority="naf">
      <namePart>Florida State University</namePart>
      <role>
         <roleTerm authority="rda" type="text">degree granting
                                institution</roleTerm>
      </role>
   </name>
   <typeOfResource>text</typeOfResource>
   <genre authority="rdacontent">text</genre>
   <originInfo>
      <place>
         <placeTerm type="text">Tallahassee, Florida</placeTerm>
      </place>
      <dateIssued encoding="w3cdtf" keyDate="yes">2013</dateIssued>
      <dateOther encoding="w3cdtf" type="defense">2013-11-15</dateOther>
      <publisher>Florida State University</publisher>
      <issuance>monographic</issuance>
   </originInfo>
   <language>
      <languageTerm type="text">English</languageTerm>
      <languageTerm type="code" authority="iso639-2b">eng</languageTerm>
   </language>
   <physicalDescription>
      <form authority="rdamedia" type="RDA media terms">computer</form>
      <form authority="rdacarrier" type="RDA carrier terms">online
                            resource</form>
      <extent>1 online resource</extent>
      <digitalOrigin>born digital</digitalOrigin>
      <internetMediaType>application/pdf</internetMediaType>
   </physicalDescription>
   <abstract>Similarity join has been widely studied and used in various scientific and commercial applications. Given two datasets, similarity join finds all pairs of similar objects (one from each input dataset), subject to a distance metric and a ranking threshold. Typical applications of similarity join operators include knowledge discovery, data mining tasks, and nearest neighbor search in spatial databases GIS systems. With the amount of data to be processed growing at an ever-increasing rate, efficient computation of similarity joins becomes a challenging and imperative task. Although researchers have devoted extensive efforts on this subject, a number of problems still remain open. In particular, efficiency and scalability pose significant challenges and have seriously limited the applications of similarity join operators. To that end, a tempting choice is to leverage the power of parallel computations from a cluster of commodity machines, e.g., the MapReduce computation framework that offers opportunities to handle large data sets with efficiency, scalability and ease of use. Unfortunately, most existing work assumed a centralized, sequential setting, and cannot be applied to parallel and distributed systems. On the other hand, other existing work studied similarity joins in traditional parallel environments, such as in the MPI programming model, which are also not applicable in a shared-nothing cluster setting that MapReduce adopts. That said, focusing on the most popular type of similarity join operators, known as theknearest neighbor (kNN) join, this thesis has investigated the challenges of how to efficiently executekNN joins both in low-dimensional and high-dimensional spaces for large data sets in MapReduce. We present solutions for both exact and approximatekNN joins. Our constructions for the approximatekNN joins are particularly interesting, where we trade accuracy for efficiency and scalability in a principal fashion.</abstract>
   <note displayLabel="'System requirements'">Adobe Reader or other PDF
                        viewer.</note>
   <note displayLabel="Degree submitted">A Dissertation submitted to the Department of Computer Science in partial fulfillment of the requirements for the degree of Doctor of Philosophy.</note>
   <note displayLabel="'Degree awarded'">Fall Semester, 2013.</note>
   <note displayLabel="'Keywords'"/>
   <note displayLabel="'Bibliography note'">Includes bibliographical
                        references.</note>
   <note displayLabel="'Advisory committee'">Xin Yuan, Professor Co-Directing Dissertation; Feifei Li, Professor Co-Directing Dissertation; Washington Mio, University Representative; Piyush Kumar, Committee Member; Zhenhai Duan, Committee Member.</note>
   <subject><topic authority="'lcsh'" valueURI="'http://lccn.loc.gov/sh89003285'">Computer Science</topic></subject>
   <extension>
      <etd:degree>
         <etd:name>Doctor of Philosophy</etd:name>
         <etd:level>Doctoral</etd:level>
         <etd:discipline>Computer Science</etd:discipline>
      </etd:degree>
   </extension>
   <recordInfo>
      <recordCreationDate encoding="w3cdtf">2015-01-21T12:54:35.79-05:00</recordCreationDate>
      <descriptionStandard>rda</descriptionStandard>
   </recordInfo>
</mods:mods>
