<?xml version='1.0' encoding='iso-8859-1' ?>
<documents>
    <document>
        <title>Conversations with Ray Bradbury</title>
        <publication-date>2003-09-22T00:00:00-07:00</publication-date>
        <authors>
            <author>
                <institution>Florida State University</institution>
                <lname>Aggelis</lname>
                <fname>Steven</fname>
                <mname>Louis</mname>
            </author>
        </authors>
        <keywords>
            <keyword>Ray Bradbury</keyword>
            <keyword>Conversations</keyword>
            <keyword>Interviews</keyword>
        </keywords>
        <disciplines>
            <discipline>English Language and Literature</discipline>
        </disciplines>
        <abstract>&lt;p&gt;Conversations with Ray Bradbury, edited by Steven Aggelis and published
            by the University Press of Mississippi in Spring 2004, is a collection of Ray Bradbury
            interviews from 1948 to 2002, with the last of these interviews being conducted by the
            editor. Besides the interviews, the university Press of Mississippi collection contains
            an introduction, chronology, and index. This dissertation includes and supplements the
            published work. Although the interviews in the published collection appear in the
            hard-copy of the dissertation, along with other interviews not in the University Press
            of Mississippi collection, they are excluded from the electronic copy, due to copyright
            restrictions. However, the electronic version does contain the following additional
            dissertation material: the unabridged introduction; chronology; two Bradbury interviews
            by Steven Aggelis, including the published interview and one not previously released; an
            annotated bibliography of published interviews with Ray Bradbury that consists of
            interviews selected for the collection as well as entries and excerpts from others not
            chosen; and an exhaustive bibliography of Bradbury primary and secondary sources, i.e.,
            works by and about the author and his writings. The interviews reveal Bradbury’s
            recurring interest in science, an appeal to and reliance on emotion versus reason,
            censorship and tyranny, urban planning, comics and cartoons, death, education,
            Hollywood, love or passion as a creative force, magic, outer space, morality, myth,
            philosophy, politics, psychology, racial relations, technology, sex, the economy, the
            future, the horror genre, films, the media, the use of metaphor, war, writing and
            writers, religion, and more.&lt;/p&gt;</abstract>
        <coverpage-url>http://diginole.lib.fsu.edu/etd/1</coverpage-url>
        <fulltext-url>http://diginole.lib.fsu.edu/cgi/viewcontent.cgi?article=1000&amp;amp;context=etd&amp;amp;unstamped=1</fulltext-url>
        <label>1</label>
        <document-type>open_dissertation</document-type>
        <type>article</type>
        <articleid>1000</articleid>
        <submission-date>2011-09-27T09:58:02-07:00</submission-date>
        <publication-title>Electronic Theses, Treatises and Dissertations</publication-title>
        <context-key>2260426</context-key>
        <submission-path>etd/1</submission-path>
        <fields>
            <field name="advisor1" type="string">
                <value>&lt;p&gt;Committee Chair - R. Bruce Bickley, Jr.&lt;/p&gt; &lt;p&gt;Committee
                    Member - Joseph McElrath, Jr.&lt;/p&gt; &lt;p&gt;Committee Member - Leo
                    Sandon&lt;/p&gt; &lt;p&gt;Committee Member - William T. Lhamon,
                    Jr.&lt;/p&gt;</value>
            </field>
            <field name="advisor2" type="string">
                <value>Joseph McElrath, Jr.</value>
            </field>
            <field name="advisor3" type="string">
                <value>Leo Sandon</value>
            </field>
            <field name="advisor4" type="string">
                <value>William T. Lhamon, Jr.</value>
            </field>
            <field name="availability" type="string">
                <value>Open Access</value>
            </field>
            <field name="degree_name" type="string">
                <value>PHD, Doctor of Philosophy</value>
            </field>
            <field name="department" type="string">
                <value>Department of English</value>
            </field>
            <field name="embargo_date" type="date">
                <value>2011-09-27T00:00:00-07:00</value>
            </field>
            <field name="publication_date" type="date">
                <value>2003-09-22T00:00:00-07:00</value>
            </field>
        </fields>
    </document>
</documents>
