<?xml version='1.0' encoding='iso-8859-1' ?>
<documents><document>
<title>Living on the Hypen: The Literature of the Early Arab-Americans between 1870-1940</title>
<publication-date>2003-08-02T00:00:00-07:00</publication-date>
<authors>
<author>
<institution>Florida State University</institution>
<lname>Al-issa</lname>
<fname>Fadi</fname>
<mname>Ahmad</mname>
</author>
</authors>
<keywords>
<keyword>Early Arab-American experience</keyword>
</keywords>
<disciplines><discipline>English Language and Literature</discipline>
</disciplines><abstract>&lt;p&gt;In this thesis, I focus on the early from 1870 to 1940. I confirm that  they did try to preserve their ethnic identity through language by  applying Benedict Anderson’s theory “imagined communities.” In the first  chapter, I explain the first encounters between the American and the  Arab cultures and the influences of the Protestant missionaries in the  Arab countries. In the second chapter, I discuss the issue of  Arab-American literature and how it reflected the experiences and  turmoil of the early Arab immigrants. In the third chapter I apply  Andersons’ concept of “imagined communities” to the Arab-American  ethnicity.&lt;/p&gt;</abstract>
<coverpage-url>http://diginole.lib.fsu.edu/etd/3</coverpage-url>
<fulltext-url>http://diginole.lib.fsu.edu/cgi/viewcontent.cgi?article=1001&amp;amp;context=etd&amp;amp;unstamped=1</fulltext-url>
<label>3</label>
<document-type>open_thesis</document-type>
<type>article</type>
<articleid>1001</articleid>
<submission-date>2011-09-28T06:41:08-07:00</submission-date>
<publication-title>Electronic Theses, Treatises and Dissertations</publication-title>
<context-key>2262107</context-key>
<submission-path>etd/3</submission-path>
<fields>
<field name="advisor1" type="string">
<value>&lt;p&gt;Committee Chair - Robin Goodman&lt;/p&gt;
&lt;p&gt;Committee Member - Christopher Shinn&lt;/p&gt;
&lt;p&gt;Committee Member - Daniel Vitkus&lt;/p&gt;</value>
</field>
<field name="advisor2" type="string">
<value>Christopher Shinn</value>
</field>
<field name="advisor3" type="string">
<value>Daniel Vitkus</value>
</field>
<field name="availability" type="string">
<value>Open Access</value>
</field>
<field name="degree_name" type="string">
<value>MA, Master of Arts</value>
</field>
<field name="department" type="string">
<value>Department of English</value>
</field>
<field name="embargo_date" type="date">
<value>2011-09-28T00:00:00-07:00</value>
</field>
<field name="publication_date" type="date">
<value>2003-08-02T00:00:00-07:00</value>
</field>
</fields>
</document>
</documents>