<?xml version='1.0' encoding='iso-8859-1' ?>
<documents><document>
<title>Sylvester H. Scovel, Journalist, and The Spanish-American War</title>
<publication-date>2003-08-02T00:00:00-07:00</publication-date>
<authors>
<author>
<lname>Andreu</lname>
<fname>Darien</fname>
<mname>Elizabeth</mname>
</author>
</authors>
<keywords>
<keyword>Journalism</keyword>
<keyword>Spanish-American War</keyword>
<keyword>Sylvester H. Scovel</keyword>
</keywords>
<disciplines><discipline>English Language and Literature</discipline>
</disciplines><abstract>&lt;p&gt;Sylvester Henry “Harry” Scovel (1869-1905) was one of the most  celebrated journalists of the Spanish-American War. Almost every scholar  who has written about the correspondents of this late  nineteenth-century engagement has made use of Scovel’s dispatches from  the New York World, particularly his on-the-scene reports of the explosion of the  Maine. For the first time, all of Scovel’s “war” writing for the Joseph  Pulitzer owned New York World are here made available in edited form:  132 dispatches dating from the explosion of the Maine on February 15,  1898, to his letter of August 10, 1898, an explanation and apology for the events surrounding his confrontation  with General Shafter at the flag-raising ceremony in Santiago.&lt;/p&gt;
&lt;p&gt;Following an introduction treating the correspondent’s life and  experiences during the war is a transcription of each article, which has  been given a close proofreading and then edited to reflect the  discernible intentions of the author within the conventions of  contemporaneous usage. The arrangement is chronological, and an  &quot;Editorial Methodology&quot; explains how and why these articles are edited as they appear.&lt;/p&gt;</abstract>
<coverpage-url>http://diginole.lib.fsu.edu/etd/8</coverpage-url>
<fulltext-url>http://diginole.lib.fsu.edu/cgi/viewcontent.cgi?article=1007&amp;amp;context=etd&amp;amp;unstamped=1</fulltext-url>
<label>8</label>
<document-type>open_dissertation</document-type>
<type>article</type>
<articleid>1007</articleid>
<submission-date>2011-09-28T08:03:30-07:00</submission-date>
<publication-title>Electronic Theses, Treatises and Dissertations</publication-title>
<context-key>2262221</context-key>
<submission-path>etd/8</submission-path>
<fields>
<field name="advisor1" type="string">
<value>&lt;p&gt;Committee Chair - Joseph R. McElrath&lt;/p&gt;
&lt;p&gt;Committee Member - Ernest Rehder&lt;/p&gt;
&lt;p&gt;Committee Member - John Fenstermaker&lt;/p&gt;
&lt;p&gt;Committee Member - R. Bruce Bickley&lt;/p&gt;</value>
</field>
<field name="advisor2" type="string">
<value>Ernest Rehder</value>
</field>
<field name="advisor3" type="string">
<value>John Fenstermaker</value>
</field>
<field name="advisor4" type="string">
<value>R. Bruce Bickley</value>
</field>
<field name="availability" type="string">
<value>Open Access</value>
</field>
<field name="degree_name" type="string">
<value>PHD, Doctor of Philosophy</value>
</field>
<field name="department" type="string">
<value>Department of English</value>
</field>
<field name="embargo_date" type="date">
<value>2011-09-28T00:00:00-07:00</value>
</field>
<field name="publication_date" type="date">
<value>2003-08-02T00:00:00-07:00</value>
</field>
</fields>
</document>
</documents>