<?xml version="1.0" encoding="UTF-8"?>
<mods:mods xmlns="http://www.loc.gov/mods/v3"
           xmlns:xsi="http://www.w3.org/2001/XMLSchema-instance"
           xmlns:xlink="http://www.w3.org/1999/xlink"
           xmlns:mods="http://www.loc.gov/mods/v3"
           xmlns:dcterms="http://purl.org/dc/terms/"
           xmlns:etd="http://www.ndltd.org/standards/metadata/etdms/1.0/"
           version="3.4"
           xsi:schemaLocation="http://www.loc.gov/mods/v3 http://www.loc.gov/standards/mods/v3/mods-3-4.xsd">
   <titleInfo lang="eng">
      <mods:title>Examination Of Gene X Socioeconomic Status Interactions For Reading Achievement</mods:title>
      <mods:nonSort>An</mods:nonSort>
   </titleInfo>
   <name type="personal"  authority='naf' valueURI='http://id.loc.gov/authorities/names/http://lccn.loc.gov/no2014042031'>
      <namePart type="given">Brooke</namePart>
      <namePart type="family">Soden-Hensler</namePart>
      <namePart type="termsOfAddress"/>
      <role>
         <roleTerm authority="rda" type="text">author</roleTerm>
         <roleTerm authority="marcrelator" type="code">aut</roleTerm>
      </role>
   </name>
   <name type="personal" authority="local">
      <namePart type="given">Christopher</namePart>
      <namePart type="family">Schatschneider</namePart>
      <namePart type="termsOfAddress"/>
      <role>
         <roleTerm authority="local" type="text">professor directing dissertation</roleTerm>
      </role>
   </name>
   <name type="personal" authority="local">
      <namePart type="given">Barbara</namePart>
      <namePart type="family">Foorman</namePart>
      <namePart type="termsOfAddress"/>
      <role>
         <roleTerm authority="local" type="text">university representative</roleTerm>
      </role>
   </name>
   <name type="personal" authority="local">
      <namePart type="given">Jeanette</namePart>
      <namePart type="family">Taylor</namePart>
      <namePart type="termsOfAddress"/>
      <role>
         <roleTerm authority="local" type="text">committee member</roleTerm>
      </role>
   </name>
   <name type="personal" authority="local">
      <namePart type="given">Richard K.</namePart>
      <namePart type="family">Wagner</namePart>
      <namePart type="termsOfAddress"/>
      <role>
         <roleTerm authority="local" type="text">committee member</roleTerm>
      </role>
   </name>
   <name type="personal" authority="local">
      <namePart type="given">Carol McDonald</namePart>
      <namePart type="family">Connor</namePart>
      <namePart type="termsOfAddress"/>
      <role>
         <roleTerm authority="local" type="text">committee member</roleTerm>
      </role>
   </name>
   <name type="corporate" authority="naf">
      <namePart>Department of Psychology</namePart>
      <role>
         <roleTerm authority="local" type="text">degree granting
                                    department</roleTerm>
      </role>
   </name>
   <name type="corporate" authority="naf">
      <namePart>Florida State University</namePart>
      <role>
         <roleTerm authority="rda" type="text">degree granting
                                institution</roleTerm>
      </role>
   </name>
   <typeOfResource>text</typeOfResource>
   <genre authority="rdacontent">text</genre>
   <originInfo>
      <place>
         <placeTerm type="text">Tallahassee, Florida</placeTerm>
      </place>
      <dateIssued encoding="w3cdtf" keyDate="yes">2012</dateIssued>
      <dateOther encoding="w3cdtf" type="defense">2012-08-07</dateOther>
      <publisher>Florida State University</publisher>
      <issuance>monographic</issuance>
   </originInfo>
   <language>
      <languageTerm type="text">English</languageTerm>
      <languageTerm type="code" authority="iso639-2b">eng</languageTerm>
   </language>
   <physicalDescription>
      <form authority="rdamedia" type="RDA media terms">computer</form>
      <form authority="rdacarrier" type="RDA carrier terms">online
                            resource</form>
      <extent>1 online resource</extent>
      <digitalOrigin>born digital</digitalOrigin>
      <internetMediaType>application/pdf</internetMediaType>
   </physicalDescription>
   <abstract>Reading is a critical skill that is influenced by socioeconomic factors. It is well-established that reading is influenced by genetic and environmental factors, and recent studies have suggested that genetic effects on reading may be moderated by socioeconomic factors. However, findings of such gene-environment interactions are inconsistent for reading and cognitive ability, and no known study has investigated moderating effects across the full range of reading ability in elementary-aged readers when foundational reading skills are established. The current study filled this gap in the literature by testing for moderating effects of six socioeconomic status (SES) variables on genetic and environmental influences on reading in a diverse sample of 1,709 twin pairs in third-fifth grades. Structural equation moderation models that allowed for a moderating effect of SES on the mean of reading as well as genetic and environmental variance components were fit separately for six SES variables. No significant genetic moderation was found, however, there was a pattern of moderation on shared environmental variance for four of the six SES variables. Overall, there was a trend of slightly more variance in reading in children of lower SES families and this increased variance was due to more variability in their shared environmental experiences.</abstract>
   <note displayLabel="'System requirements'">Adobe Reader or other PDF
                        viewer.</note>
   <note displayLabel="Degree submitted">A Dissertation submitted to the Department of Psychology in partial fulfillment of the requirements for the degree of Doctor of Philosophy.</note>
   <note displayLabel="'Degree awarded'">Fall semester, 2012.</note>
   <note displayLabel="'Keywords'">gene-environment interaction, reading, socioeconomic status, twin study</note>
   <note displayLabel="'Bibliography note'">Includes bibliographical
                        references.</note>
   <note displayLabel="'Advisory committee'">Christopher Schatschneider, Professor Directing Dissertation; Barbara Foorman, University Representative; Jeanette Taylor, Committee Member; Richard K. Wagner, Committee Member; Carol McDonald Connor, Committee Member.</note>
   <subject>
      <topic authority="'lcsh'" authorityURI="'http://lccn.loc.gov/sh85043777'">Psychology</topic>
   </subject>
   <extension>
      <etd:degree>
         <etd:name>Doctor of Philosophy</etd:name>
         <etd:level>Doctoral</etd:level>
         <etd:discipline>Psychology</etd:discipline>
      </etd:degree>
   </extension>
   <recordInfo>
      <recordCreationDate encoding="w3cdtf">2015-01-21T12:54:35.116-05:00</recordCreationDate>
      <descriptionStandard>rda</descriptionStandard>
   </recordInfo>
</mods:mods>
