<?xml version="1.0" encoding="UTF-8"?>
<mods xmlns="http://www.loc.gov/mods/v3" xmlns:xsi="http://www.w3.org/2001/XMLSchema-instance" xmlns:xlink="http://www.w3.org/1999/xlink" xmlns:mods="http://www.loc.gov/mods/v3" xmlns:dcterms="http://purl.org/dc/terms/" xmlns:etd="http://www.ndltd.org/standards/metadata/etdms/1.0/" xmlns:flvc="info:flvc/manifest/v1" version="3.4" xsi:schemaLocation="http://www.loc.gov/mods/v3 http://www.loc.gov/standards/mods/v3/mods-3-4.xsd">
  <titleInfo lang="eng">
    <title>Analysis and Evolution of Balance In Unstable Barotropic Jets</title>
  </titleInfo>
  <name type="personal" authority="local">
    <namePart type="given">Travis Allen</namePart>
    <namePart type="family">Smith</namePart>
    <namePart type="termsOfAddress"/>
    <role>
      <roleTerm authority="rda" type="text">author</roleTerm>
      <roleTerm authority="marcrelator" type="code">aut</roleTerm>
    </role>
  </name>
  <name type="personal" authority="local">
    <namePart type="given">Philip</namePart>
    <namePart type="family">Cunningham</namePart>
    <namePart type="termsOfAddress"/>
    <role>
      <roleTerm authority="local" type="text">professor directing thesis</roleTerm>
    </role>
  </name>
  <name type="personal" authority="local">
    <namePart type="given">Albert I.</namePart>
    <namePart type="family">Barcilon</namePart>
    <namePart type="termsOfAddress"/>
    <role>
      <roleTerm authority="local" type="text">committee member</roleTerm>
    </role>
  </name>
  <name type="personal" authority="local">
    <namePart type="given">T.N.</namePart>
    <namePart type="family">Krishnamurti</namePart>
    <namePart type="termsOfAddress"/>
    <role>
      <roleTerm authority="local" type="text">committee member</roleTerm>
    </role>
  </name>
  <name type="corporate" authority="naf">
    <namePart>Department of Earth, Ocean and Atmospheric Sciences</namePart>
    <role>
      <roleTerm authority="local" type="text">degree granting
                                    department</roleTerm>
    </role>
  </name>
  <name type="corporate" authority="naf">
    <namePart>Florida State University</namePart>
    <role>
      <roleTerm authority="rda" type="text">degree granting
                                institution</roleTerm>
    </role>
  </name>
  <typeOfResource>text</typeOfResource>
  <genre authority="rdacontent">text</genre>
  <originInfo>
    <place>
      <placeTerm type="text">Tallahassee, Florida</placeTerm>
    </place>
    <dateIssued encoding="w3cdtf" keyDate="yes">2004</dateIssued>
    <dateOther encoding="w3cdtf" type="defense">2004-06-17</dateOther>
    <publisher>Florida State University</publisher>
    <issuance>monographic</issuance>
  </originInfo>
  <language>
    <languageTerm type="text">English</languageTerm>
    <languageTerm type="code" authority="iso639-2b">eng</languageTerm>
  </language>
  <physicalDescription>
    <form authority="rdamedia" type="RDA media terms">computer</form>
    <form authority="rdacarrier" type="RDA carrier terms">online
                            resource</form>
    <extent>1 online resource</extent>
    <digitalOrigin>born digital</digitalOrigin>
    <internetMediaType>application/pdf</internetMediaType>
  </physicalDescription>
  <abstract>The nature of balance in the atmosphere is of central importance to the dynamics of both the troposphere and the stratosphere, and unbalanced motions such as inertia-gravity waves play a significant role in many aspects of atmospheric behavior. In light of the importance of upper-tropospheric jets for the generation of inertia-gravity waves in the atmosphere, this study examines the evolution of unstable barotropic jets to assess the nature and evolution of balance in these features. This issue is explored using the simplest non-trivial dynamical framework in which balanced and unbalanced flows can coexist, namely the one-layer shallow water equations. In this study, numerical simulations of initially balanced zonal barotropic jets on an f plane are investigated for evidence of the breakdown of balance and the generation of inertia-gravity waves during the life cycles of the instabilities to these jets. In these simulations, the parameters of the basic-state jet (i.e., jet width and speed) are varied systematically in an attempt to elucidate the dependence of balance on the structure and dynamical evolution of the instability. The presence of unbalanced flow, either in numerical simulations or in atmospheric data, is typically inferred via various quantities that provide indirect measures of imbalance, such as the existence of strong ageostrophy, large Rossby and/or Lagrangian Rossby numbers, and large values of horizontal divergence and its material derivative. Along with evaluating these parameters in each simulation, a potential vorticity inversion method is employed to obtain the structure of balanced and unbalanced fields within each simulation. The diagnostic calculations are then compared to the potential vorticity inversion results. Contrasts and comparisons are presented for each of the simulations shown in this study. The simulations consist of an unstable barotropic wave ranging from small (i.e., O(10-1)) Rossby and Froude number to large (i.e., O(1)) Rossby and Froude number. For strong jets, neither the Rossby number nor the Froude number is small compared to unity therefore the applicability of traditional scale analysis is unclear (e.g. Haltiner and Williams, 1980) (i.e., the balance condition is no longer valid and a breakdown of balance should occur). In contrast, the results of the diagnostic calculations and potential vorticity inversions reveal that nonlinear balance is essentially valid for this particular jet profile, even though the Rossby and Froude numbers are O(1) for the strong barotropic jet. Significant inertia-gravity wave structures were not found in any of the cases shown here, which is consistent with the results obtained by several other investigators in their integrations of the shallow-water equations.</abstract>
  <note displayLabel="'System requirements'">Adobe Reader or other PDF
                        viewer.</note>
  <note displayLabel="Degree submitted">A Thesis submitted to the Department of Meteorology in partial fulfillment of the requirements for the degree of Master of Science.</note>
  <note displayLabel="'Degree awarded'">Summer Semester, 2004.</note>
  <note displayLabel="'Keywords'">Balance, Barotropic, Jets, Gravity waves, Potential vorticity inversion</note>
  <note displayLabel="'Bibliography note'">Includes bibliographical
                        references.</note>
  <note displayLabel="'Advisory committee'">Philip Cunningham, Professor Directing Thesis; Albert I. Barcilon, Committee Member; T.N. Krishnamurti, Committee Member.</note>
  <subject>
    <topic authority="'lcsh'" valueURI="'http://lccn.loc.gov/sh85084334'">Meteorology</topic>
  </subject>
  <extension>
    <etd:degree>
      <etd:name>Master of Science</etd:name>
      <etd:level>Masters</etd:level>
      <etd:discipline>Earth, Ocean and Atmospheric Sciences</etd:discipline>
    </etd:degree>
    <flvc:flvc>
      <flvc:owningInstitution>FSU</flvc:owningInstitution>
      <flvc:submittingInstitution>FSU</flvc:submittingInstitution>
    </flvc:flvc>
  </extension>
  <recordInfo>
    <recordCreationDate encoding="w3cdtf">2015-01-21T12:54:34.022-05:00</recordCreationDate>
    <descriptionStandard>rda</descriptionStandard>
  </recordInfo>
  <identifier type="IID">FSU_MIGR_etd-1666</identifier>
</mods>
