<?xml version="1.0" encoding="UTF-8"?>
<mods xmlns="http://www.loc.gov/mods/v3" xmlns:xsi="http://www.w3.org/2001/XMLSchema-instance" xmlns:xlink="http://www.w3.org/1999/xlink" xmlns:mods="http://www.loc.gov/mods/v3" xmlns:dcterms="http://purl.org/dc/terms/" xmlns:etd="http://www.ndltd.org/standards/metadata/etdms/1.0/" xmlns:flvc="info:flvc/manifest/v1" version="3.4" xsi:schemaLocation="http://www.loc.gov/mods/v3 http://www.loc.gov/standards/mods/v3/mods-3-4.xsd">
  <titleInfo lang="eng">
    <title>Arrangement of Franz Schubert's Cycle of Song "Die schöne Müllerin" for Double Bass and Piano</title>
    <nonSort>An</nonSort>
  </titleInfo>
  <name type="personal" authority="local">
    <namePart type="given">Sergio</namePart>
    <namePart type="family">Acerb</namePart>
    <namePart type="termsOfAddress">Jr.</namePart>
    <role>
      <roleTerm authority="rda" type="text">author</roleTerm>
      <roleTerm authority="marcrelator" type="code">aut</roleTerm>
    </role>
  </name>
  <name type="personal" authority="local">
    <namePart type="given">Evan</namePart>
    <namePart type="family">Jones</namePart>
    <namePart type="termsOfAddress"/>
    <role>
      <roleTerm authority="local" type="text">professor directing treatise</roleTerm>
    </role>
  </name>
  <name type="personal" authority="local">
    <namePart type="given">Michael</namePart>
    <namePart type="family">Buchler</namePart>
    <namePart type="termsOfAddress"/>
    <role>
      <roleTerm authority="local" type="text">outside committee member</roleTerm>
    </role>
  </name>
  <name type="personal" authority="local">
    <namePart type="given">Melanie L.</namePart>
    <namePart type="family">Punter</namePart>
    <namePart type="termsOfAddress"/>
    <role>
      <roleTerm authority="local" type="text">committee member</roleTerm>
    </role>
  </name>
  <name type="corporate" authority="naf">
    <namePart>College of Music</namePart>
    <role>
      <roleTerm authority="local" type="text">degree granting
                                    department</roleTerm>
    </role>
  </name>
  <name type="corporate" authority="naf">
    <namePart>Florida State University</namePart>
    <role>
      <roleTerm authority="rda" type="text">degree granting
                                institution</roleTerm>
    </role>
  </name>
  <typeOfResource>text</typeOfResource>
  <genre authority="rdacontent">text</genre>
  <originInfo>
    <place>
      <placeTerm type="text">Tallahassee, Florida</placeTerm>
    </place>
    <dateIssued encoding="w3cdtf" keyDate="yes">2008</dateIssued>
    <dateOther encoding="w3cdtf" type="defense">2008-11-03</dateOther>
    <publisher>Florida State University</publisher>
    <issuance>monographic</issuance>
  </originInfo>
  <language>
    <languageTerm type="text">English</languageTerm>
    <languageTerm type="code" authority="iso639-2b">eng</languageTerm>
  </language>
  <physicalDescription>
    <form authority="rdamedia" type="RDA media terms">computer</form>
    <form authority="rdacarrier" type="RDA carrier terms">online
                            resource</form>
    <extent>1 online resource</extent>
    <digitalOrigin>born digital</digitalOrigin>
    <internetMediaType>application/pdf</internetMediaType>
  </physicalDescription>
  <abstract>Franz Schubert wrote "Die schöne MÃ¼llerin" (The Beautiful Maid of the Mill) originally for high voice and piano. This cycle of 20 songs is one of Schubertâs most performed and recorded work. The love story of optimism, despair and tragedy between the millerâs boy and the beautiful maid continues to fascinate and inspire composers, performers and music lovers today. The purpose of this treatise is to present an arrangement of Schubertâs "Die schöne MÃ¼llerin" for Double Bass and Piano. Transcriptions and arrangements in the nineteenth century were largely intended to supplement an instrumentâs literature, and continued to be part of the instrumentâs literature in the twentieth century. Through chapters 1 to 4, I discuss the significance of presenting the richness and art of Schubertâs musical setting of Wilhelm MÃ¼llerâs poems through this new medium: the double bass. Along with a brief historical context of transcription and arrangement from the nineteenth century, I analyze the songs of "Die schöne MÃ¼llerin" explaining such aspects of the arrangement as transpositions, revoicings, articulations, dynamics and performance practices.</abstract>
  <note displayLabel="'System requirements'">Adobe Reader or other PDF
                        viewer.</note>
  <note displayLabel="Degree submitted">.</note>
  <note displayLabel="'Degree awarded'">Fall Semester, 2008.</note>
  <note displayLabel="'Keywords'">Performance practices, Transcription/arrangement, Franz Schubert, Dobule bass repertoire, Theory analysis</note>
  <note displayLabel="'Bibliography note'">Includes bibliographical
                        references.</note>
  <note displayLabel="'Advisory committee'">Evan Jones, Professor Directing Treatise; Michael Buchler, Outside Committee Member; Melanie L. Punter, Committee Member.</note>
  <subject>
    <topic authority="'lcsh'" valueURI="'http://lccn.loc.gov/sh85088762'">Music</topic>
  </subject>
  <extension>
    <etd:degree>
      <etd:name>Doctor of Music</etd:name>
      <etd:level>Masters</etd:level>
      <etd:discipline>Music</etd:discipline>
    </etd:degree>
    <flvc:flvc>
      <flvc:owningInstitution>FSU</flvc:owningInstitution>
      <flvc:submittingInstitution>FSU</flvc:submittingInstitution>
    </flvc:flvc>
  </extension>
  <recordInfo>
    <recordCreationDate encoding="w3cdtf">2015-01-21T12:54:33.28-05:00</recordCreationDate>
    <descriptionStandard>rda</descriptionStandard>
  </recordInfo>
  <identifier type="IID">FSU_MIGR_etd-0107</identifier>
</mods>
