<?xml version="1.0" encoding="UTF-8"?>
<mods xmlns="http://www.loc.gov/mods/v3" xmlns:xsi="http://www.w3.org/2001/XMLSchema-instance" xmlns:xlink="http://www.w3.org/1999/xlink" xmlns:mods="http://www.loc.gov/mods/v3" xmlns:dcterms="http://purl.org/dc/terms/" xmlns:etd="http://www.ndltd.org/standards/metadata/etdms/1.0/" xmlns:flvc="info:flvc/manifest/v1" version="3.4" xsi:schemaLocation="http://www.loc.gov/mods/v3 http://www.loc.gov/standards/mods/v3/mods-3-4.xsd">
  <titleInfo lang="eng">
    <title>Breathing for Singers</title>
    <subTitle>A Comparative Analysis of Body Types and Breathing Tendencies</subTitle>
  </titleInfo>
  <name type="personal" authority="local">
    <namePart type="given">Jennifer Griffith</namePart>
    <namePart type="family">Cowgill</namePart>
    <namePart type="termsOfAddress"/>
    <role>
      <roleTerm authority="rda" type="text">author</roleTerm>
      <roleTerm authority="marcrelator" type="code">aut</roleTerm>
    </role>
  </name>
  <name type="personal" authority="local">
    <namePart type="given">Larry</namePart>
    <namePart type="family">Gerber</namePart>
    <namePart type="termsOfAddress"/>
    <role>
      <roleTerm authority="local" type="text">professor directing treatise</roleTerm>
    </role>
  </name>
  <name type="personal" authority="local">
    <namePart type="given">Richard</namePart>
    <namePart type="family">Morris</namePart>
    <namePart type="termsOfAddress"/>
    <role>
      <roleTerm authority="local" type="text">outside committee member</roleTerm>
    </role>
  </name>
  <name type="personal" authority="local">
    <namePart type="given">Yvonne</namePart>
    <namePart type="family">Ciannella</namePart>
    <namePart type="termsOfAddress"/>
    <role>
      <roleTerm authority="local" type="text">committee member</roleTerm>
    </role>
  </name>
  <name type="personal" authority="local">
    <namePart type="given">Roy</namePart>
    <namePart type="family">Delp</namePart>
    <namePart type="termsOfAddress"/>
    <role>
      <roleTerm authority="local" type="text">committee member</roleTerm>
    </role>
  </name>
  <name type="corporate" authority="naf">
    <namePart>College of Music</namePart>
    <role>
      <roleTerm authority="local" type="text">degree granting
                                    department</roleTerm>
    </role>
  </name>
  <name type="corporate" authority="naf">
    <namePart>Florida State University</namePart>
    <role>
      <roleTerm authority="rda" type="text">degree granting
                                institution</roleTerm>
    </role>
  </name>
  <typeOfResource>text</typeOfResource>
  <genre authority="rdacontent">text</genre>
  <originInfo>
    <place>
      <placeTerm type="text">Tallahassee, Florida</placeTerm>
    </place>
    <dateIssued encoding="w3cdtf" keyDate="yes">2004</dateIssued>
    <dateOther encoding="w3cdtf" type="defense">2004-10-20</dateOther>
    <publisher>Florida State University</publisher>
    <issuance>monographic</issuance>
  </originInfo>
  <language>
    <languageTerm type="text">English</languageTerm>
    <languageTerm type="code" authority="iso639-2b">eng</languageTerm>
  </language>
  <physicalDescription>
    <form authority="rdamedia" type="RDA media terms">computer</form>
    <form authority="rdacarrier" type="RDA carrier terms">online
                            resource</form>
    <extent>1 online resource</extent>
    <digitalOrigin>born digital</digitalOrigin>
    <internetMediaType>application/pdf</internetMediaType>
  </physicalDescription>
  <abstract>Breathing for singers: a comparative analysis of body type and breathing tendencies is a scientific study thatâs purpose is to determine whether a correlation exists between inexperienced young singersâ body types and their breathing tendencies. A group of twelve students were used for the study and underwent three groups of measurements. First their body types were determined by the method of somatotyping. This method placed them in one of three body type categories, endomorph (relative fatness), mesomorph (relative musco-skeletal) and ectomorph (relative linearity). There were four subjects placed in each group. Second, the subjectsâ lung function was measured by use of a spirometer to rule out any lung function problems. Finally, the participantsâ torsos were videotaped from a side view. The data was then uploaded onto a computer where the breath measurements of each subject were measured frame by frame in three places; chest, umbilicus and rib cage. After all of the measurements were taken they were compared to one of three common breathing techniques the appoggio, the costal and the pancostal. Once the data was complete a comparison was made to see whether the singersâ body types correlated with one of the three stated breathing techniques.</abstract>
  <note displayLabel="'System requirements'">Adobe Reader or other PDF
                        viewer.</note>
  <note displayLabel="Degree submitted">A Treatise submitted to the School of Music in partial fulfillment of the requirements for the degree of Doctor of Music.</note>
  <note displayLabel="'Degree awarded'">Fall Semester, 2004.</note>
  <note displayLabel="'Keywords'">Voice Science, Vocal Pedagogy, Breathing</note>
  <note displayLabel="'Bibliography note'">Includes bibliographical
                        references.</note>
  <note displayLabel="'Advisory committee'">Larry Gerber, Professor Directing Treatise; Richard Morris, Outside Committee Member; Yvonne Ciannella, Committee Member; Roy Delp, Committee Member.</note>
  <subject>
    <topic authority="'lcsh'" authorityURI="http://lccn.loc.gov/sh85088762'">Music</topic>
  </subject>
  <extension>
    <etd:degree>
      <etd:name>Doctor of Music</etd:name>
      <etd:level>Masters</etd:level>
      <etd:discipline>Music</etd:discipline>
    </etd:degree>
    <flvc:flvc>
      <flvc:owningInstitution>FSU</flvc:owningInstitution>
      <flvc:submittingInstitution>FSU</flvc:submittingInstitution>
    </flvc:flvc>
  </extension>
  <recordInfo>
    <recordCreationDate encoding="w3cdtf">2015-01-21T12:54:34.696-05:00</recordCreationDate>
    <descriptionStandard>rda</descriptionStandard>
  </recordInfo>
  <identifier type="IID">FSU_MIGR_etd-3355</identifier>
</mods>
